text;lang;country
"RT @alexandreruiz: Voici le nouveau maillot de l'Espagne #WorldCup2018. InspirÃ© de l'Ã©dition WCup USA 1994 avec Guardiola.
Qu'en penseâ€¦ ";fr;
Tunisie Libye J-2. #TUNLIB #WorldCup2018;fr;
Impatient de voir @Benzema au @CanalFootClub ce dimanche et de voir le reportage sur lui #football #Benzema #WorldCup2018 #FFF #deschamps;fr;
RT @DjabaliSamir: Impatient de voir @Benzema au @CanalFootClub ce dimanche et de voir le reportage sur lui #football #Benzema #WorldCup2018â€¦;fr;
"#cdm2018 #barrages #worldcup2018 #playoffs 
#football 
DerniÃ¨re ligne droite â¡ 
Au programme 6â€¦ https://t.co/A5hcsNLei6";fr;
Ensemble, nous ferons tous pour nous qualifier pour la Coupe du monde! #CIVMAR #WCQ #Worldcup2018 https://t.co/8mmn9rX8zS;fr;
RT @WilmotsMarc: Ensemble, nous ferons tous pour nous qualifier pour la Coupe du monde! #CIVMAR #WCQ #Worldcup2018 https://t.co/8mmn9rX8zS;fr;
Dans tes rÃªves ğŸ˜‚ğŸ˜‚ https://t.co/XeRgDGkozl;fr;
20 millions de personnes sont derriÃ¨re les #ElÃ©phants de #CIV225 https://t.co/KWINaKQIva;fr;
RT @aremsbee: 20 millions de personnes sont derriÃ¨re les #ElÃ©phants de #CIV225 https://t.co/KWINaKQIva;fr;
ğŸ”°Cote a 11.63$ ğŸ”°Inscrivez-vous sur Winamax via ce lien, vous recevrez un bonus de 10 â‚¬ https://t.co/2hNI4085fEâ€¦ https://t.co/1Lhwd3JuZK;fr;
@FIFAWorldCup 8 bit rulez ğŸ® #WorldCup2018;fr;
Force Ã  vous ! ğŸ’ªğŸ¾ğŸ‡¨ğŸ‡® https://t.co/Y3lHaiQG0B;fr;
Amen ğŸ™ğŸ¾ nous iront au stade ğŸ‡¨ğŸ‡®ğŸ‡¨ğŸ‡®ğŸ‡¨ğŸ‡® on va compter les marocains si ils dÃ©passent 400 ont les met tous dehors https://t.co/AKSt402l9q;fr;
RT @CommeIvoir: Amen ğŸ™ğŸ¾ nous iront au stade ğŸ‡¨ğŸ‡®ğŸ‡¨ğŸ‡®ğŸ‡¨ğŸ‡® on va compter les marocains si ils dÃ©passent 400 ont les met tous dehors https://t.co/AKâ€¦;fr;
RT @Esprit_225: Force Ã  vous ! ğŸ’ªğŸ¾ğŸ‡¨ğŸ‡® https://t.co/Y3lHaiQG0B;fr;
Croire câ€™est pouvoir ğŸ’ªğŸ¾ğŸ‡¨ğŸ‡® https://t.co/zUNP2FgFw9;fr;
RT @ElogeYao: Croire câ€™est pouvoir ğŸ’ªğŸ¾ğŸ‡¨ğŸ‡® https://t.co/zUNP2FgFw9;fr;
James il nous vend bien le maillot quand mÃªme ğŸ§¡. hÃ¢te de le retrouver sur le terrain #WorldCup2018 https://t.co/KChFBmo9PH;fr;
#Telstar 18 Balon oficial #WorldCup en #Rusia2018 #FIFA #WorldCup2018 https://t.co/dQxylKIJDe;fr;
Faut pas faire tous le vieux faut te qualifier Ã  cause de vous ticket est devenu 15milles Dc pardonnez faut pas faiâ€¦ https://t.co/LIFmx9D2Qe;fr;
Allez les Ã‰lÃ©phants ğŸ‡¨ğŸ‡®ğŸ˜ @fifaworldcup_fr @FIFCI_tweet https://t.co/ImR4UM1ogS;fr;
"Allez, c'est le rush final : Croatie ğŸ‡­ğŸ‡· - GrÃ¨ce ğŸ‡¬ğŸ‡·, c'est le premier des barrages UEFA pour la #WorldCup2018 âš½ï¸.

Eâ€¦ https://t.co/RwHRkzEdjM";fr;
Vous avez intÃ©rÃªt https://t.co/2aS3QkEQnd;fr;
"RT @FransDesc: Allez, c'est le rush final : Croatie ğŸ‡­ğŸ‡· - GrÃ¨ce ğŸ‡¬ğŸ‡·, c'est le premier des barrages UEFA pour la #WorldCup2018 âš½ï¸.

Eâ€¦ ";fr;
"Hop Suisse !!! ğŸ‡¨ğŸ‡­ğŸ‡¨ğŸ‡­ğŸ‡¨ğŸ‡­
#Suisse #Switzerland #rtssport #FifaWorldCup2018 #fifaworldcup #Football #rt #Rt #RETWEEETâ€¦ https://t.co/fTIj0j6Ofo";fr;
Le vol organisÃ© des primes de mes Ã©quipiers de l Ã©quipe de football de mon petit pays grand comme la suisse #2006â€¦ https://t.co/cbRXyHuhWP;fr;
RT @TravelMeniSan: Le vol organisÃ© des primes de mes Ã©quipiers de l Ã©quipe de football de mon petit pays grand comme la suisse #2006â€¦ ;fr;
Tous ensemble pour un objectif commun. https://t.co/QWVrjQ7zCA;fr;
La #Croatia bien parti pour aller en #WorldCup2018 3/1 Ã  La mi temps #CroatiaGreece;fr;
Pour rappel, la prochaine Coupe du monde se passe en Russie. Je pose Ã§a lÃ . #Kompromat #EnvoyeSpecial #WorldCup2018;fr;
Donc le match aller De qualif Ã  la coupe du monde entre #NIRSWI va se jouer sur une erreur monstre de l'arbitre? Quâ€¦ https://t.co/Skx2rCxx7q;fr;
Mais lâ€™Irlande du Nord câ€™est quel niveau footballistique Ã§a???!!! Serieux les types font pas deux passes de suite eâ€¦ https://t.co/sxJwAsdTZL;fr;
"Bravo Ã  l'Ã©quipe de #Suisse pour sa qualification Ã  la coupe du monde 2018. :)

Juste dommage que ce soit grÃ¢ce Ã  uâ€¦ https://t.co/nXXIV6qkg4";fr;
La france va gagner la coupe du monde 2018 ğŸ˜‰ğŸ†ğŸ‡«ğŸ‡· Dembele , KantÃ© , Pogba , Varane , Mbappe , Lemar , KantÃ© , Griezmaâ€¦ https://t.co/73IEUooqra;fr;
Vous vous mettez bettement dans 7 situation avec des faux rÃ©sultats Ã  domicile maintenant vous risquez l'eliminatioâ€¦ https://t.co/NEH8m2Uch7;fr;
Ptn sÃ©nÃ©gal faut vraiment pas faire les cons ğŸ¤¦ğŸ¾â€â™‚ï¸ğŸ˜­ #WorldCup2018;fr;
RT @Futb01DelMundo: #Telstar 18 Balon oficial #WorldCup en #Rusia2018 #FIFA #WorldCup2018 https://t.co/dQxylKIJDe;fr;
J'espÃ¨re bien! https://t.co/8Uz9XPXeNR;fr;
Champion j'espÃ¨re tu va titularisÃ© Kalou hein. https://t.co/YvllvRbknq;fr;
"@WilmotsMarc @maxwellborn @FIFCI_tweet @SoutienauxE Mais soit unp rassurant non?!!!!
Ensemble, nous nous qualifieroâ€¦ https://t.co/NnP5ck5IOy";fr;
mÃªme pas confiance pfff https://t.co/NdF5yA5tiK;fr;
RT @desirusfirst: mÃªme pas confiance pfff https://t.co/NdF5yA5tiK;fr;
Tu n'a pas le choix heinn https://t.co/qhaexlGvl3;fr;
Les dÃ©clarations tapageuses sur Twitter? Il connaÃ®t pas ivoirien celui lÃ  https://t.co/HUKj15ok08;fr;France
RT @iamstephanek: Les dÃ©clarations tapageuses sur Twitter? Il connaÃ®t pas ivoirien celui lÃ  https://t.co/HUKj15ok08;fr;
Tunisie Libye J-1. #TUNLIB #WorldCup2018;fr;
Match aller des barrages de #WorldCup2018. Une presse unanime : la @FIGC DOIT passer ce tour, avec caractÃ¨re et perâ€¦ https://t.co/Dp1EYecwNi;fr;
RT @allan_brou: Faut pas faire tous le vieux faut te qualifier Ã  cause de vous ticket est devenu 15milles Dc pardonnez faut pas faiâ€¦ ;fr;
C qui votre favori pour la cdm  #Russia2018 #WorldCup2018 #foot #FFF #mbappe #Griezmann #Ronaldo #Messi #Neymar;fr;
Tu as intÃ©rÃªt sinon on va gentiment te montrer la porte https://t.co/pIGWjgv4QR;fr;
"#Sweden vs #Italy Preview &amp; Prediction! #SwedenItaly #Azzurri #vivoazzurro #Allsvenskan #WorldCup #WCQâ€¦ https://t.co/JqTWCKWgB7";fr;
"Tout*

Manci https://t.co/wjfBtxwlX8";fr;
Demain , c'est le rendez-vous le plus important des derniÃ¨res annÃ©es pour les lions de l'atlas, la gloire les attenâ€¦ https://t.co/3dCscNAUOJ;fr;
RT @aquamiragekech: Demain , c'est le rendez-vous le plus important des derniÃ¨res annÃ©es pour les lions de l'atlas, la gloire les attenâ€¦ ;fr;
#WorldCup2018 #TUNLIB #SWEITA:L'Italie a atteint la finale de la coupe du monde en 1982 alors que la Libye accueillâ€¦ https://t.co/HzrrEDrHLi;fr;
"RT @FIFA18_Matches: #Sweden vs #Italy Preview &amp; Prediction! #SwedenItaly #Azzurri #vivoazzurro #Allsvenskan #WorldCup #WCQâ€¦ ";fr;
#WorldCup2018: #RSASEN @SenegalFootball: La  connexion entre le SÃ©nÃ©gal et l'Afrique du Sud dans la Coupe du Mondeâ€¦ https://t.co/gKT3C3FneU;fr;
Une autre  connexion est que les deux ont dessinÃ© avec le Danemark et ont eu des  joueurs expulsÃ©s en 2002 et 1998â€¦ https://t.co/ueLVYDRxex;fr;
Inscrivez-vous sur Winamax via ce lien, vous recevrez un bonus de 10 â‚¬ https://t.co/2hNI4085fE #TeamParieurâ€¦ https://t.co/ssuOOjRpNX;fr;
"Ce soir choc ğŸ‡¸ğŸ‡ª vs ğŸ‡®ğŸ‡¹ Ã  20h45
Match de barrage aller Ã  Solna. Match retour le 13 Ã  Milan.

L'Italie (4 fois champioâ€¦ https://t.co/7wrArDxeEK";fr;
"RT @jprono24: Ce soir choc ğŸ‡¸ğŸ‡ª vs ğŸ‡®ğŸ‡¹ Ã  20h45
Match de barrage aller Ã  Solna. Match retour le 13 Ã  Milan.

L'Italie (4 fois champioâ€¦ ";fr;
"Voici le ballon officiel de la Coupe du Monde 2018 en Russie âš½ï¸ğŸ†
BientÃ´t disponible sur https://t.co/6L1wNQGlzcâ€¦ https://t.co/TtxvHYMOs7";fr;
"RT @CasalSport: Voici le ballon officiel de la Coupe du Monde 2018 en Russie âš½ï¸ğŸ†
BientÃ´t disponible sur https://t.co/6L1wNQGlzcâ€¦ ";fr;
non vous avez l'obligation https://t.co/iab6V8NlKf;fr;
#Senegal #WorldCup2018  On gagne ou on... gagne https://t.co/8wO2d32Njr;fr;
RT @ndiassesambe: #Senegal #WorldCup2018  On gagne ou on... gagne https://t.co/8wO2d32Njr;fr;
Ancelotti au mondial avec la Croatie... tout sauf du Pipo ! #azzuri #Italia #Croatia #WorldCup2018;fr;
"Allez les Bleus ! ğŸ‡«ğŸ‡·ğŸ†âš½ï¸
#FRAGAL #AllezLesBleus #WorldCup2018 

https://t.co/0KGlIdEbDc";fr;
"RT @LTCitoyenne: Allez les Bleus ! ğŸ‡«ğŸ‡·ğŸ†âš½ï¸
#FRAGAL #AllezLesBleus #WorldCup2018 

https://t.co/0KGlIdEbDc";fr;
Sa siffle tres (trop) souvent d'un seule cÃ´tÃ©... #AFSSEN #WorldCup2018 #WorldCupQualifiers;fr;
"La puissance des Marabouts SÃ©nÃ©galais &gt;&gt;&gt;&gt;&gt;&gt;&gt;&gt;&gt;&gt;&gt;&gt;&gt;&gt;&gt;&gt;&gt;&gt;&gt;&gt;&gt;&gt;
#AFSSEN #WorldCup2018 #WorldCupQualifiers";fr;
VoilÃ  qui Ã  le mÃ©rite d'Ãªtre trÃ¨s clair. DÃ©monstration sur le terrain. https://t.co/RtDOyobORm;fr;
Yes 2-0 pour nous c'est bon Ã§a!!!! #AFSSEN #ZoneAfrique #WorldCup2018 #SÃ©nÃ©gal;fr;
"Pendant 90 minutes les coeurs en fusion et les souhaits de rÃ©ussite unanimes. C'est mon beau pays le #Senegal 
#WorldCup2018 #Russia2018";fr;
Nous sommes avec toi coach. https://t.co/3GfbyFYhAO;fr;
Sur le papier câ€™est vraiment une belle Ã©quipe le #Senegal , content quâ€™ils reviennent sur la scÃ¨ne internationale ğŸ‘ on est ens #WorldCup2018;fr;
RT @VitoB_21: Match aller des barrages de #WorldCup2018. Une presse unanime : la @FIGC DOIT passer ce tour, avec caractÃ¨re et perâ€¦ ;fr;
RT @WilmotsMarc: Exactement 2 semaines avant la confrontation avec le Maroc. Tous unis pour la qualification de @FIFCI_tweet ! #WCQâ€¦ ;fr;
Des #Lions dÃ©bordant de rÃ©alisme se qualifient pour la #worldcup2018 aprÃ¨s un match Ã©pique Ã  #Polokwane #Senegal ca kannam score final 0-2;fr;
Je suis trop saucÃ©e lÃ  ğŸ‡¸ğŸ‡³ğŸ‡¸ğŸ‡³ğŸ‡¸ğŸ‡³ğŸ‡¸ğŸ‡³ğŸ‡¸ğŸ‡³ğŸ‡¸ğŸ‡³ğŸ‡¸ğŸ‡³ğŸ‡¸ğŸ‡³ mais on doit peaufiner notre jeu pour la #WorldCup2018 on y va pas pour thiakhane;fr;
"SÃ©nÃ©gal ğŸ‡¸ğŸ‡³ğŸ‡¸ğŸ‡³ğŸ‡¸â¤â¤ğŸ‡³

#WorldCup2018";fr;
Bravo au SÃ©nÃ©gal. Direction la Russie en chanson ğŸ˜ ğŸ‡¸ğŸ‡³ ğŸ‡·ğŸ‡º #WorldCup2018 #RSASEN  SEFYU - Senegalo Ruskov https://t.co/IXKbuoi8Oa via @YouTube;fr;
#Bravo #Diarama C'est officiel la Qualification au Mondial 2018 pour le #Senegal #DirectionMoskova #RSASENâ€¦ https://t.co/JWZJMn90P8;fr;France
SÃ©nÃ©gal Ã  la #Russie #coupedumonde2018 #WorldCup2018 #Russia2018WorldCup ğŸ‡¸ğŸ‡³ğŸ‡¸ğŸ‡³ğŸ‡¸ğŸ‡³ !!!!!;fr;
"FÃ©licitations !
#faitesnousrevers
#commeen2002
#RSASEN #WorldCup2018 https://t.co/qGAX7FRYJy";fr;
CAN passÃ¨ modone sarakh bi pour #WorldCup2018;fr;
RT @SmbEnE: CAN passÃ¨ modone sarakh bi pour #WorldCup2018;fr;
FiertÃ©, le SÃ©nÃ©gal passera l'Ã©tÃ© chez Vlad' #Senegal #RSASEN #WorldCup2018;fr;
Câ€™est une fiertÃ© pour le peuple SÃ©nÃ©galais qui avait dÃ©signÃ© aliou Cisse comme sÃ©lectionneur #pariReussi #WorldCup2018 #team221;fr;
Mbeuleiii ğŸ˜œğŸ˜œ on va en Russie nous ğŸ‡¸ğŸ‡³ğŸ‡¸ğŸ‡³ğŸ‡¸ğŸ‡³ yeine ak bafana bafana doleine bouger millimÃ¨tres ğŸ˜œğŸ˜œğŸ˜ğŸ˜ğŸ‡¸ğŸ‡³ğŸ‡¸ğŸ‡³ğŸ‡¸ğŸ‡³ #Russia2018â€¦ https://t.co/m8YqI6Nvcf;fr;Senegal
RT @saly_dgn: Je suis trop saucÃ©e lÃ  ğŸ‡¸ğŸ‡³ğŸ‡¸ğŸ‡³ğŸ‡¸ğŸ‡³ğŸ‡¸ğŸ‡³ğŸ‡¸ğŸ‡³ğŸ‡¸ğŸ‡³ğŸ‡¸ğŸ‡³ğŸ‡¸ğŸ‡³ mais on doit peaufiner notre jeu pour la #WorldCup2018 on y va pas pour thiakhane;fr;
RT @Aicha_Njie: Mbeuleiii ğŸ˜œğŸ˜œ on va en Russie nous ğŸ‡¸ğŸ‡³ğŸ‡¸ğŸ‡³ğŸ‡¸ğŸ‡³ yeine ak bafana bafana doleine bouger millimÃ¨tres ğŸ˜œğŸ˜œğŸ˜ğŸ˜ğŸ‡¸ğŸ‡³ğŸ‡¸ğŸ‡³ğŸ‡¸ğŸ‡³ #Russia2018â€¦ ;fr;
"RT @JudeLions: @WilmotsMarc @maxwellborn @FIFCI_tweet @SoutienauxE Mais soit unp rassurant non?!!!!
Ensemble, nous nous qualifieroâ€¦ ";fr;
Senegal wayyye au mondial que Dieu les remettent sur la route des bleus #WorldCup2018;fr;France
Une pensÃ©e amicale pour @thomasperotto ce soir. #SWEITA #WorldCup2018 pour la beautÃ© de l'Ã©vÃ©nement, l'Italie se doit de se qualifier!!!;fr;
RT @jp_sugarshay: Bravo au SÃ©nÃ©gal. Direction la Russie en chanson ğŸ˜ ğŸ‡¸ğŸ‡³ ğŸ‡·ğŸ‡º #WorldCup2018 #RSASEN  SEFYU - Senegalo Ruskov https://t.co/IXKbâ€¦;fr;
Oh non. Devinez qui a pris un jaune de trop et ne pourra donc pas jouer le match de barrage qualificatif retour conâ€¦ https://t.co/XNsimWXNJj;fr;
#Senegal #football #WorldCup2018 #FIFA18 bravo les #Lions de la #teranga #lesenegalavance destination #moscou inshaâ€¦ https://t.co/6OYF63VrhG;fr;
FÃ©licitations Ã¡ toute lâ€™Ã©quipe pour cette historique qualification. Russie nous voilÃ . FiÃ¨r de vous les garsâ€¦ https://t.co/Lv0bMVGNX4;fr;
SÃ©nÃ©gal ğŸ‡¸ğŸ‡³ ca Kanam. Bravo Ã  Aliou CissÃ©. #Senegal road to #Russia2018 #WorldCup2018 https://t.co/sAM7Vjxns7;fr;
@AbdoulayeWade_ n'a pas eu la change de voir l'Ã©quipe du #Senegal qualifiÃ©e en #WorldCup2018 Ã  #Dakar. @Macky_Sallâ€¦ https://t.co/hbR4CqkogR;fr;Senegal
Un Grand Merci aux #Lions du #Senegal ! #Russia2018 #Russia2018WorldCup #football #WorldCup2018 #Africa https://t.co/UrqNTO2JIq;fr;
Ã‰normÃ©ment de rÃ©ussite pour la #SuÃ¨de avec cette frappe dÃ©viÃ©e... #SveziaItalia 1-0 #WorldCup2018 #ForzaAzzuri ğŸ‡®ğŸ‡¹ https://t.co/FFnVIYzEMC;fr;
RT @calciomio: Ã‰normÃ©ment de rÃ©ussite pour la #SuÃ¨de avec cette frappe dÃ©viÃ©e... #SveziaItalia 1-0 #WorldCup2018 #ForzaAzzuri ğŸ‡®ğŸ‡¹ https://t.â€¦;fr;
@CFootRTBF @RTBFsport Toujours ce mÃªme problÃ¨me dÃ©fensif ğŸ¤¨ Ã‡a va Ãªtre dur Ã  la #WorldCup2018 ğŸ˜“ #BELMEX #RoadToRussia;fr;
RT @QuentinCauchie: @CFootRTBF @RTBFsport Toujours ce mÃªme problÃ¨me dÃ©fensif ğŸ¤¨ Ã‡a va Ãªtre dur Ã  la #WorldCup2018 ğŸ˜“ #BELMEX #RoadToRussia;fr;
@flogazan Et maintenant le poteau qui sauve la #SuÃ¨de. Un signe pour #WorldCup2018 ?;fr;
Anw j'ai compris pourquoi j'entends @flonot Floriana depuis chez moi 1-0 SuÃ¨de... https://t.co/4qf22cV7a5;fr;
On parlera demain soir Ã  partir de 20h sur @infosportplus  #FRAPDG suivi de la soirÃ©e de qualification pour laâ€¦ https://t.co/SYRUSCSJ8n;fr;
RT @marclibbra: On parlera demain soir Ã  partir de 20h sur @infosportplus  #FRAPDG suivi de la soirÃ©e de qualification pour laâ€¦ ;fr;
Le SÃ©nÃ©gal, qualifiÃ© pour le Mondial 2018 #Senegal #WorldCup2018 #Lion;fr;
Le SÃ©nÃ©gal, qualifiÃ© pour le Mondial 2018 !!! ğŸ”¥ğŸ‰ğŸ˜˜ ğŸ¦# Senegal #WorldCup2018 #Lion;fr;
Le #Telstar ballon officiel de #WorldCup2018 #coupedumonde2018. Il ne remplace mon prÃ©fÃ©rÃ© le #Tango1978 https://t.co/F7BP6ZD93J;fr;France
DÃ©faite de l'Italie 1-0 en SuÃ¨de, les #Azzurri ğŸ‡®ğŸ‡¹ au bord du gouffre. #WorldCup2018 âš½ï¸Ã‡a va se dÃ©cider mardi Ã  Milan.ğŸ˜–;fr;Canada
Bref, va falloir que Vertonghen soit en forme, que Vermaelen ne se blesse plus et quâ€™Alderweireld et Kompany revienâ€¦ https://t.co/1yQHx5NjUl;fr;
Bon courage au @Socceroos VIVA AUSTRALIA !!!! je vous soutiens depuis la France ğŸ˜‰ğŸ’ªğŸ‘ğŸ‡«ğŸ‡· ğŸ‡¦ğŸ‡º#HONvAUS #RoadToRussiaâ€¦ https://t.co/EwsPaACbqz;fr;
Naaaaannn @kkoulibaly26 bonbon du Nutella ğŸ˜‚ğŸ˜‚ğŸ˜‚ğŸ˜‚ direction la Russie ğŸ‡·ğŸ‡ºğŸ‡·ğŸ‡º #WorldCup2018 #teamsenegal #Senegal fÃ©licitations mon gars !!! ğŸ’ªğŸ’ª;fr;
"ğŸ‡¸ğŸ‡ª SuÃ¨de 1 -0 Italie  ğŸ‡®ğŸ‡¹ 
Lâ€™Italie devra absolument gagner lundi sinon pas de coupe du monde ! #WorldCup2018";fr;
RT @papadiouf27: FÃ©licitations Ã¡ toute lâ€™Ã©quipe pour cette historique qualification. Russie nous voilÃ . FiÃ¨r de vous les garsâ€¦ ;fr;
"Didier, 

Fais-moi jouer lâ€™EDF de la sorte sâ€™il te plaÃ®t et emmÃ¨ne ce groupe  de 23 (Pavard ?) pour la Coupe du Monâ€¦ https://t.co/RL1vIaI6CI";fr;France
"Et tu, Italy? 
#WorldCup2018 https://t.co/WwcOpby1oW";fr;
"RT @charly_robin: Didier, 

Fais-moi jouer lâ€™EDF de la sorte sâ€™il te plaÃ®t et emmÃ¨ne ce groupe  de 23 (Pavard ?) pour la Coupe du Monâ€¦ ";fr;
Mdrrr jai jamais vu le sang aussi heureux d'aller taffer ğŸ˜‚ğŸ’‰ğŸ˜ğŸ™ğŸ½ #Senegal ğŸ‡¸ğŸ‡³ğŸ‡¸ğŸ‡³ #RSASEN  #senegal2018 #worldcup2018 https://t.co/3b4MVbI8xb;fr;
RT @JeremyFilosa: DÃ©faite de l'Italie 1-0 en SuÃ¨de, les #Azzurri ğŸ‡®ğŸ‡¹ au bord du gouffre. #WorldCup2018 âš½ï¸Ã‡a va se dÃ©cider mardi Ã  Milan.ğŸ˜–;fr;
Mdrrr j'ai jms vu le sang aussi heureux d'aller taffer ğŸ˜‚ğŸ’‰ğŸ‡¸ğŸ‡³ğŸ˜ğŸ™ğŸ½ #senegal #RSASEN #senegal2018 #worldcup2018 https://t.co/DVnMcUrgxo;fr;
One, Two, Three, Ils n'iront pas en Russie ! :p #CoupeduMonde2018 #WorldCup2018 #Algerie;fr;
Pour cette #WorldCup2018 c'est simple : Je supporte la France puis si elle est Ã©liminÃ©e, la CorÃ©e et si elle est Ã©lâ€¦ https://t.co/ihMhnqErnq;fr;
Nous allons y arriver par la grÃ¢ce de Dieu https://t.co/SKUatQTSb8;fr;
Grizi-MbappÃ© ca marchait du feu de dieu ce soir ! On est sur la bonne voie. #RoadToRussia #WorldCup2018 #TeamFrance;fr;
Je suis fatiguÃ©e de cette femme #SachezLe https://t.co/0aRupBu64T;fr;
RT @choconono12: Je suis fatiguÃ©e de cette femme #SachezLe https://t.co/0aRupBu64T;fr;
RT @Lavidaloca242: Mdrrr j'ai jms vu le sang aussi heureux d'aller taffer ğŸ˜‚ğŸ’‰ğŸ‡¸ğŸ‡³ğŸ˜ğŸ™ğŸ½ #senegal #RSASEN #senegal2018 #worldcup2018 https://t.co/â€¦;fr;
Les sÃ©nÃ©galais sur twitter aprÃ¨s le match #kebetu #senegal #MansNotHot #FIFA #WorldCupqualifiers #WorldCup2018 https://t.co/5WgjvEzegx;fr;
DÃ©bat lancÃ© 18h30 #CIVMAR âš½ï¸ vos pronostics? #RT vic #Maroc #Fav victoire #civ bonne chance Ã  mon frereâ€¦ https://t.co/LpIj0F9LsZ;fr;
RT @DjabaliSamir: DÃ©bat lancÃ© 18h30 #CIVMAR âš½ï¸ vos pronostics? #RT vic #Maroc #Fav victoire #civ bonne chance Ã  mon frereâ€¦ ;fr;
TrophÃ©e avant l'heure!!! https://t.co/sUAotjnwdN;fr;
Ravi du retour du #senegal sur la scÃ¨ne internationale Bravo les frÃ¨res on est ens ğŸ‘ #worldcup2018 @rickyfatyâ€¦ https://t.co/rVJCyzuOGD;fr;
AbdoulayeWade_ n'a pas eu la change de voir l'Ã©quipe du #Senegal qualifiÃ©e en #WorldCup2018 Ã  #Dakar. Macky_Sallâ€¦  VÃ­a Lesadikh01;fr;
"Tellement vrai ğŸ˜‚ğŸ˜‚ğŸ˜‚

#YesWeCan #ROADTORUSSIA #Maroc #Morocco #WorldCup #FIFA #Allo_beIN #Afrique #Ø§Ù„Ù…ØºØ±Ø¨ #Ø±ÙˆØ³ÙŠØ§â€¦ https://t.co/WPzPSdA0mt";fr;
Inchallah qu'on se qualifie on est tous derriÃ¨re vous courage on vous soutien vous Ãªtes les meilleurs. Ã€  Ne pas ouâ€¦ https://t.co/AogCeTJDjX;fr;
"Par amour Ã  la patrie et par amour au sport..... ainsi que pour lâ€™histoire!!!
#CIVMAR #RoadToRussia #Russia2018â€¦ https://t.co/B80TqFusng";fr;Royaume du Maroc
Aujourdâ€™hui on prie pour la Tunisie et pour ce qui est de Maroc - CÃ´te dâ€™Ivoire, que le meilleur se qualifie ğŸ¤·ğŸ¿â€â™‚ï¸â€¦ https://t.co/0iGEtHdZcJ;fr;
RT @Lartiste92: Aujourdâ€™hui on prie pour la Tunisie et pour ce qui est de Maroc - CÃ´te dâ€™Ivoire, que le meilleur se qualifie ğŸ¤·ğŸ¿â€â™‚ï¸â€¦ ;fr;
"RT @Mehdi_Na: Par amour Ã  la patrie et par amour au sport..... ainsi que pour lâ€™histoire!!!
#CIVMAR #RoadToRussia #Russia2018â€¦ ";fr;
"Le Maroc ğŸ‡²ğŸ‡¦ jouera face Ã  la CÃ´te dâ€™Ivoire avec un maillot blanc
#ROADTORUSSIA #Maroc #Morocco #WorldCup #FIFAâ€¦ https://t.co/Ieh274mp8U";fr;
"L'AlgÃ©rien que je suis pense et espÃ¨re  que le maroc ira a la coupe du monde. 
 @najetrami #CIVMAR #WorldCup2018";fr;
"Aller #Civ !
Sortez moi le #maroc. #CIVMAR 

#WCQ2018 #Russia2018 https://t.co/kSEAGQeApr";fr;
"RT @soukomalado: Aller #Civ !
Sortez moi le #maroc. #CIVMAR 

#WCQ2018 #Russia2018 https://t.co/kSEAGQeApr";fr;
Bravo Ã  nous https://t.co/nzMRHuDRhU;fr;
pardonnez on sais que c'est au MAROC vous prenez l'argent pour payer les fonctionnaire et les mutins, mais pensez aâ€¦ https://t.co/3CmwcqqB5i;fr;
Jour du match! Montrons notre fiertÃ© pour la CÃ´te dâ€™Ivoire. CÃ´te dâ€™Ivoire â€“ Maroc, ce soir, 17:30 Ã  Abidjan. #WCQâ€¦ https://t.co/ySUZNH8ObL;fr;
RT @WilmotsMarc: Jour du match! Montrons notre fiertÃ© pour la CÃ´te dâ€™Ivoire. CÃ´te dâ€™Ivoire â€“ Maroc, ce soir, 17:30 Ã  Abidjan. #WCQâ€¦ ;fr;
"Je t'ai dÃ©jÃ  dit ""Dans tes rÃªves "" ğŸ˜‚ğŸ˜‚ https://t.co/M61HkE9N9p";fr;
pardonnez on sais que c'est au MAROC vous prenez l'argent pour payer les fonctionnaire et les mutins, mais pensez â€¦ https://t.co/mPNwBALM5W;fr;
"Les Ivoiriens ont leur fiertÃ©.
Ã€ vous de nous donner notre dignitÃ©. https://t.co/3UYIR73V6R";fr;
Normal ... il joue sa tÃªte https://t.co/LP7mK6iYac;fr;
"Go GaÃ¯ndÃ© 
Congrats LionsğŸ‘ğŸ‘ğŸ‘ğŸ˜ğŸ˜
#RSASEN #Russia2018 #WorldCup2018 https://t.co/moG7DD22DO";fr;
Ne pas titularisÃ© kessie, adama traore et kalou sera petite victoire pour commencer https://t.co/GHMszRYnI3;fr;
Champion faut te concentrer https://t.co/TlUlhyIabg;fr;
@IGanaGueye bo dÃ©moul kÃ©ne dou deme #worldcup2018 #Senegal https://t.co/Q69Ut5646k;fr;
mdr votre infographiste il est Ã©clatÃ© mr.wilmots https://t.co/YimCPQD2DO;fr;
RT @whoisrachid: mdr votre infographiste il est Ã©clatÃ© mr.wilmots https://t.co/YimCPQD2DO;fr;
"RT @Sirkonate: Les Ivoiriens ont leur fiertÃ©.
Ã€ vous de nous donner notre dignitÃ©. https://t.co/3UYIR73V6R";fr;
Soutuen Ã  Wilmots qui a amenÃ© l'Ã©quipe belge au sommet du ranking FIFA, et donc soutien aux Ã©lÃ©phants. Ecrasez les ! https://t.co/YihTdAhfsx;fr;
"Hoy es el dia... #eldia
Today is the day... #theday
Aujourdâ€™hui câ€™est le jour ... #lejour
#sylinstionalâ€¦ https://t.co/VsNblStcOy";fr;
HahağŸ˜‚ğŸ˜‚ c'est qu'elle danse meme https://t.co/HLQp43duqS;fr;
"Officiel le Maroc est qualifier... 
#CIVMAR #cm2018 #WorldCup2018 https://t.co/OwvvC4ilWI";fr;
Gros match tt a l'heure. Le maroc est sur une bonne dynamique qui peut faire dÃ©coller l'Ã©quipe ou bien tt s'arrÃªteâ€¦ https://t.co/loeyLhY1Zb;fr;
ğŸ˜‚ğŸ˜‚ğŸ˜‚ğŸ˜‚ğŸ˜‚ comme Ã©toile de mer dh https://t.co/OCavs0J7WH;fr;
"RT @JoseKante: Hoy es el dia... #eldia
Today is the day... #theday
Aujourdâ€™hui câ€™est le jour ... #lejour
#sylinstionalâ€¦ ";fr;
WA 17h30 c'est dans UN AN !!!! #RoadToRussia2018 #morocco #WorldCup2018;fr;
Nous on parle pas d'abord ton modia tu es dedans lÃ  le soir lÃ  si on se qualifie pas tu as comprendre. C'est piquÃ©â€¦ https://t.co/GO7MqY3cB3;fr;
Allez Hop les 3 points .. Allez le MAROC ğŸ‡²ğŸ‡¦ âš½ï¸ #Maroc #Football #Champion #best #news #team #generation #beinsportsâ€¦ https://t.co/Bq24cqw3IN;fr;
"CÃ´te d'Ivoire vs Morocco #WCQ 

Live Stream - https://t.co/IYP09sosLK 

#WCQ2018 #WCQ18  #MARCIV #WorldCupQualifier #WorldCup2018 ...";fr;
Ne nous mets pas la pression. Tu as eu tout le temps et l'occasion pour nous qualifier avant ce jour... Pff ! https://t.co/xw4qLK8tmb;fr;
RT @yaomoisekatumbi: Ne nous mets pas la pression. Tu as eu tout le temps et l'occasion pour nous qualifier avant ce jour... Pff ! https://â€¦;fr;
"WATCH LIVE: CÃ´te d'Ivoire vs Morocco #WCQ 

Live Stream - https://t.co/1Zs2nHPyAk 

#WCQ2018 #WCQ18  #MARCIVâ€¦ https://t.co/tK5o6xY20a";fr;
"RT @Emmylite: WATCH LIVE: CÃ´te d'Ivoire vs Morocco #WCQ 

Live Stream - https://t.co/1Zs2nHPyAk 

#WCQ2018 #WCQ18  #MARCIVâ€¦ ";fr;
Esprit dâ€™Arafat sort de son corps va Taffer https://t.co/kIBH43wMKO;fr;
"CÃ´te d'Ivoire vs Morocco #WCQ 

Live Stream - https://t.co/lK6ecSOPHl 

#WCQ2018 #WCQ18  #MARCIV #WorldCupQualifier #WorldCup2018 ...";fr;
Bravo Ã  nos gaindÃ©s les Lions de la TÃ©ranga ğŸ’ªğŸ½âœŠğŸ½ğŸ‘ğŸ½ #Russia2018 #worldcup #football #Senegal #soccer #bravoâ€¦ https://t.co/jKwVsZufja;fr;
Bravo Ã  nos gaindÃ©s les Lions de la TÃ©ranga ğŸ’ªğŸ½âœŠğŸ½ğŸ‘ğŸ½ #Russia2018 #kebetu #worldcup #football #Senegal #soccer #bravo #worldcup2018;fr;
ğŸ˜­ğŸ˜­ğŸ˜­ mais câ€™est pas la danse de la vidÃ©o  avec le chien lÃ ? https://t.co/fOpEr1aHxf;fr;
@Histoiredufcm @sociosfcmetz nous aussi nous sommes fiers de nos anciens et actuels joueurs ayant portÃ©s la tuniqueâ€¦ https://t.co/GkScQl8fG5;fr;
"CÃ´te d'Ivoire vs Morocco #WCQ 

Live Stream - https://t.co/ZvFvfwidwk 

#WCQ2018 #WCQ18  #MARCIV #WorldCupQualifier #WorldCup2018 ...";fr;
Gros match pour les ğŸ˜ Ivoiriens dans 15 minutes. Allez ğŸ‡¨ğŸ‡® je veux vous voir en Russie #WorldCup2018;fr;Canada
"CÃ´te d'Ivoire vs Morocco #WCQ 

Live Stream - https://t.co/Vi9Hex9VC7 

#WCQ2018 #WCQ18  #MARCIV #WorldCupQualifier #WorldCup2018 ...";fr;
Allez Tunisie. Allez Maroc. #WorldCup2018;fr;
Heel herkenbaar, de sfeer nu in Abidjan. Allez les Ã©lÃ©phants! Allez Marc! #CIVMAR @LesElephants #RoadToRussiaâ€¦ https://t.co/GxpzP0OjlE;fr;Belgium
Nos Ã©talons Ã©tant Ã©liminÃ©s, place aux ğŸ˜ Ã©lÃ©phants da la #CIV, notre nation soeur que nous soutenons pour ce match dâ€¦ https://t.co/zj87DIXPhO;fr;
RT @odiantotal: Nos Ã©talons Ã©tant Ã©liminÃ©s, place aux ğŸ˜ Ã©lÃ©phants da la #CIV, notre nation soeur que nous soutenons pour ce match dâ€¦ ;fr;
RT @DJLORDISSA: Bravo Ã  nos gaindÃ©s les Lions de la TÃ©ranga ğŸ’ªğŸ½âœŠğŸ½ğŸ‘ğŸ½ #Russia2018 #kebetu #worldcup #football #Senegal #soccer #bravo #worldcuâ€¦;fr;
"Un bouillantissime !! ğŸ”¥ğŸ”¥
CÃ´te dâ€™Ivoire - Maroc #WorldCup2018 
#Renard #Wilmots #CIVMAR";fr;France
"RT @Antoine_LeRoy: Un bouillantissime !! ğŸ”¥ğŸ”¥
CÃ´te dâ€™Ivoire - Maroc #WorldCup2018 
#Renard #Wilmots #CIVMAR";fr;
RT @FrankLevesque09: Gros match pour les ğŸ˜ Ivoiriens dans 15 minutes. Allez ğŸ‡¨ğŸ‡® je veux vous voir en Russie #WorldCup2018;fr;
"Clip officiel des lions ğŸ¦ de lâ€™atlas Â« ALLEZ ALLEZ MAROC ğŸ‡²ğŸ‡¦ par Hamid Bouchnak 
#FootBallMarocain #WorldCup2018... https://t.co/MkVKClDWlE";fr;
Je vois dejÃ  tous les joueurs marocains mariÃ© Ã  des russes #WorldCup2018 2- 0 !;fr;
"HervÃ© Renard &gt; Guardiola + Mourinho.
#CIVMAR #WorldCupqualifiers #WorldCup2018";fr;
Cela sent la fin pour @WilmotsMarc ğŸ¤¨ @CFootRTBF #WorldCup2018 #RoadtoRussia;fr;
"RT @Elcholo224: HervÃ© Renard &gt; Guardiola + Mourinho.
#CIVMAR #WorldCupqualifiers #WorldCup2018";fr;
Bon courage Ã  toi pour sortir du stade Marco ! #CIVMAR https://t.co/bjAbOciZH3;fr;
"WATCH LIVE: CÃ´te d'Ivoire vs Morocco #WCQ 

Live Stream - https://t.co/1Zs2nHPyAk 

#WCQ2018 #WCQ18  #MARCIVâ€¦ https://t.co/gzUVcInuLF";fr;
50 millions de nos pauvres Francs CFA pour Â«Â Ã§aÂ Â»... https://t.co/7PrkRdEAz6;fr;
"CÃ´te d'Ivoire vs Morocco #WCQ 

Live Stream - https://t.co/kNi3t0rfNp 

#WCQ2018 #WCQ18  #MARCIV #WorldCupQualifier #WorldCup2018 ...";fr;
RT @Ayman_Lahlou: Je vois dejÃ  tous les joueurs marocains mariÃ© Ã  des russes #WorldCup2018 2- 0 !;fr;
"WATCH LIVE: CÃ´te d'Ivoire vs Morocco #WCQ 

Live Stream - https://t.co/K7DEy4oUIa 

#WCQ2018 #WCQ18  #MARCIVâ€¦ https://t.co/nUqw0Uj4KE";fr;
ğŸ‡²ğŸ‡¦ VIVE LE MAROC! ğŸ‡²ğŸ‡¦ #WorldCup2018;fr;
"FÃ©licitations au Maroc !
La CÃ´te d'Ivoire attention Ã  la sextape en seconde Mi-temps...
#CIVMAR #WorldCup2018  #Russia2018WorldCup";fr;
RT @QuentinCauchie: Cela sent la fin pour @WilmotsMarc ğŸ¤¨ @CFootRTBF #WorldCup2018 #RoadtoRussia;fr;
"WATCH LIVE: CÃ´te d'Ivoire vs Morocco #WCQ 

Live Stream - https://t.co/ZvFvfw0C7K 

#WCQ2018 #WCQ18  #MARCIVâ€¦ https://t.co/pDeaPXG5C3";fr;
De grandes affiches pour se manger 2 buts en 4 minutes https://t.co/GHMszRYnI3;fr;
"WATCH LIVE: CÃ´te d'Ivoire vs Morocco #WCQ 

Live Stream - https://t.co/Vi9Hexrx0H 

#WCQ2018 #WCQ18  #MARCIVâ€¦ https://t.co/OdFpyMocDU";fr;
Jpense jvais commandÃ© mon billet pour la Russie ğŸ‡·ğŸ‡º maintenant âœˆï¸âœˆï¸âœˆï¸âœˆï¸ğŸ‡²ğŸ‡¦ğŸ‡·ğŸ‡º #Poutineonarrive #WorldCup2018 !!;fr;
"WATCH LIVE: CÃ´te d'Ivoire vs Morocco #WCQ 

Live Stream - https://t.co/IYP09sosLK 

#WCQ2018 #WCQ18  #MARCIVâ€¦ https://t.co/0rHk7hLk5T";fr;
RT @douahi225: De grandes affiches pour se manger 2 buts en 4 minutes https://t.co/GHMszRYnI3;fr;
"Quand je dis ""simplet"", c'est mÃ©ritÃ© hein https://t.co/nCZ1tf5oQI";fr;
"WATCH LIVE: CÃ´te d'Ivoire vs Morocco #WCQ 

Live Stream - https://t.co/CS28kyyCh0 

#WCQ2018 #WCQ18  #MARCIVâ€¦ https://t.co/tYzNTn9dRc";fr;
@BejiCEOfficial,porte bonheur du match #Tunisie #Libye pour la qualification #WorldCup2018;fr;Belgium
"WATCH LIVE: CÃ´te d'Ivoire vs Morocco #WCQ 

Live Stream - https://t.co/lK6ecSxePN 

#WCQ2018 #WCQ18  #MARCIVâ€¦ https://t.co/6sCleU2Cd7";fr;
"WATCH LIVE: CÃ´te d'Ivoire vs Morocco #WCQ 

Live Stream - https://t.co/kNi3t0rfNp 

#WCQ2018 #WCQ18  #MARCIVâ€¦ https://t.co/4iqtNGOCEa";fr;
"RT @fcBarFrancia: L'AlgÃ©rien que je suis pense et espÃ¨re  que le maroc ira a la coupe du monde. 
 @najetrami #CIVMAR #WorldCup2018";fr;
Abou PSG il Ã©tait comme Ã§a hier soir ğŸ˜‚ https://t.co/67xsQcNSiT;fr;
RT @MimiiiTMT: Abou PSG il Ã©tait comme Ã§a hier soir ğŸ˜‚ https://t.co/67xsQcNSiT;fr;
"WATCH LIVE: CÃ´te d'Ivoire vs Morocco #WCQ 

Live Stream - https://t.co/1Zs2nHPyAk 

#WCQ2018 #WCQ18  #MARCIVâ€¦ https://t.co/Mie09ZNg2a";fr;
RT @YBoutahar08: ğŸ‡²ğŸ‡¦ VIVE LE MAROC! ğŸ‡²ğŸ‡¦ #WorldCup2018;fr;
Avec #AhmedBennani du @pearl_marrakech en soutien amical des Lions de l'Atlas #CIVMAR @FRMFOFFICIEL : la qualif. poâ€¦ https://t.co/8wtiMP7aAM;fr;Royaume du Maroc
FÃ©licitations Ã  nos frÃ¨res marocains pour la qualification Ã  la coupe du monde 2018 #WorldCup2018 #Russia2018 https://t.co/upuESix2ix;fr;Algeria
"WATCH LIVE: CÃ´te d'Ivoire vs Morocco #WCQ 

Live Stream - https://t.co/K7DEy47jQC 

#WCQ2018 #WCQ18  #MARCIVâ€¦ https://t.co/CmAEQFhVlq";fr;
On soutient, dans tout les cas c'est l'Afrique qui poste une equipe de plus dans la coupe du monde en Russieâ€¦ https://t.co/fVNCA0HB7z;fr;
RT @Yass_3alam: On soutient, dans tout les cas c'est l'Afrique qui poste une equipe de plus dans la coupe du monde en Russieâ€¦ ;fr;
"WATCH LIVE: CÃ´te d'Ivoire vs Morocco #WCQ 

Live Stream - https://t.co/ZvFvfwidwk 

#WCQ2018 #WCQ18  #MARCIVâ€¦ https://t.co/itUyfsfRgH";fr;
RT @tergeek: FÃ©licitations Ã  nos frÃ¨res marocains pour la qualification Ã  la coupe du monde 2018 #WorldCup2018 #Russia2018 https://t.co/upuâ€¦;fr;
Donnez son MC il va partir https://t.co/LItuCGUySg;fr;
"WATCH LIVE: CÃ´te d'Ivoire vs Morocco #WCQ 

Live Stream - https://t.co/Vi9Hex9VC7 

#WCQ2018 #WCQ18  #MARCIVâ€¦ https://t.co/Fq74ggynXX";fr;
"#CIVMAR 

La CÃ´te d'Ivoire a cadrÃ© sa premiÃ¨re frappe Ã  la... 87Ã¨me minute! Trop faible pour inquiÃ©ter le Maroc.â€¦ https://t.co/xwrvhQ1d99";fr;
"WATCH LIVE: CÃ´te d'Ivoire vs Morocco #WCQ 

Live Stream - https://t.co/IYP09s6Rna 

#WCQ2018 #WCQ18  #MARCIVâ€¦ https://t.co/5cK0ijSusw";fr;
Ha ouais chaud quand meme https://t.co/G9cvjIA6Op;fr;
"WATCH LIVE: CÃ´te d'Ivoire vs Morocco #WCQ 

Live Stream - https://t.co/K7DEy47jQC 

#WCQ2018 #WCQ18  #MARCIVâ€¦ https://t.co/XIs1v9rDhS";fr;
Le Maroc durant ces 6 match de qualifications #WorldCup2018 c'est 11 buts marquÃ©s 0 encaissÃ©s #Solide #CIVMAR;fr;
RT @OM_Ernesto: Le Maroc durant ces 6 match de qualifications #WorldCup2018 c'est 11 buts marquÃ©s 0 encaissÃ©s #Solide #CIVMAR;fr;
Alors, on t'a bien chicotÃ© mon petit @Serge_aurier ğŸ˜‚ Quand tu sauras fermer ta grande gueule... #DimaMaghribâ€¦ https://t.co/CxJjG7F2Zu;fr;
RT @MehdiMoudrikah: Alors, on t'a bien chicotÃ© mon petit @Serge_aurier ğŸ˜‚ Quand tu sauras fermer ta grande gueule... #DimaMaghribâ€¦ ;fr;
FÃ©licitation mabrouk #DimaMaghreb bravo et fÃ©licitation Ã  la famille fier de toi ğŸ™ğŸ™ğŸ™ #Russie2018 #WorldCup2018 @MedhiBenatia;fr;
"WATCH LIVE: CÃ´te d'Ivoire vs Morocco #WCQ 

Live Stream - https://t.co/CS28kyyCh0 

#WCQ2018 #WCQ18  #MARCIVâ€¦ https://t.co/LOUcfjI8Tz";fr;
"ENFIN APRÃˆS 20 ANS D'ABSENCE, LE MAROC  RETROUVE LA COUPE DU MONDE !
 #Maroc #FIFA #WorldCup2018 #Russia2018";fr;
Maghrebbbbb ğŸ‡²ğŸ‡¦ğŸ‡²ğŸ‡¦ğŸ‡²ğŸ‡¦â™¥â™¥â™¥ merciiii @MedhiBenatia @khalidboutaib @Amine_000 @AchrafHakimi @DirarN  ... #dimamaghreb#fierâ€¦ https://t.co/5QuhPkyK0T;fr;
Bravo aux Lions de l'Atlas : la qualification #WorldCup2018 âš½ï¸ est dans la poche ! Mabrouk ğŸ‘ğŸ‘ğŸ‘ğŸ‘ @FRMFOFFICIEL https://t.co/bkTZsEhYk1;fr;Royaume du Maroc
"Nous fÃ©licitons lâ€™Ã©quipe nationale marocaine pour sa qualification pour la Coupe du Monde 2018 ğŸ‰

ğŸ‡²ğŸ‡¦ğŸ‡¸ğŸ‡¦ğŸ‡²ğŸ‡¦ğŸ‡¸ğŸ‡¦

#WorldCup2018 #Marocco";fr;
"Coupe du Monde en Russie : pas d'AlgÃ©rie, pas de CÃ´te d'Ivoire , pas de Cameroun et pas de Ghana ... 
#WorldCup2018 
#QualifCDM2018";fr;
#bravo Maroc et Tunisienne bien jouÃ©                #WCQ2018 âš½ï¸ #WorldCup2018 âš½ï¸;fr;
"RT @ShababSaudiFc: Nous fÃ©licitons lâ€™Ã©quipe nationale marocaine pour sa qualification pour la Coupe du Monde 2018 ğŸ‰

ğŸ‡²ğŸ‡¦ğŸ‡¸ğŸ‡¦ğŸ‡²ğŸ‡¦ğŸ‡¸ğŸ‡¦

#WorldCup201â€¦";fr;
AprÃ¨s 20 ans on est enfin qualifiÃ© ğŸ‡²ğŸ‡¦ğŸ‡²ğŸ‡¦ğŸ‡²ğŸ‡¦#CIVMAR #WorldCup2018;fr;
Le #Maroc ğŸ‡²ğŸ‡¦ se qualifie en #WorldCup2018 aprÃ¨s 20 ans d'absence ! #CIVMA #Mondiali2018 #Russia2018;fr;
"Nous fÃ©licitons lâ€™Ã©quipe nationale Tunisienne pour sa qualification pour la Coupe du Monde 2018
fÃ©licitations spÃ©ciâ€¦ https://t.co/iFwcmqFDJL";fr;
"RT @ShababSaudiFc: Nous fÃ©licitons lâ€™Ã©quipe nationale Tunisienne pour sa qualification pour la Coupe du Monde 2018
fÃ©licitations spÃ©ciâ€¦ ";fr;
"SÃ©nÃ©galğŸ‡¸ğŸ‡³ 
NigeriağŸ‡³ğŸ‡¬ 
MarocğŸ‡²ğŸ‡¦ 
TunisieğŸ‡¹ğŸ‡³ 
Ã‰gypteğŸ‡ªğŸ‡¬ 
#WorldCup2018";fr;Senegal
Lâ€™Afrique sera bien reprÃ©sentÃ©e inchaâ€™Allah ğŸ™ğŸ¿ #WorldCup2018;fr;
Trop contente pour les marocains et les tunisiens qui sont qualifiÃ©s Ã  la coupe du monde ğŸ‘ Les maghrÃ©bins resterontâ€¦ https://t.co/mWSH0mm10j;fr;
Change de taff toi https://t.co/XQGlXT7F77;fr;
Les 4 vont se faire Ã©liminer, au premier tour !!! #WorldCup2018. https://t.co/1edeIuGeCg;fr;
"RT @Papii_Griizi: SÃ©nÃ©galğŸ‡¸ğŸ‡³ 
NigeriağŸ‡³ğŸ‡¬ 
MarocğŸ‡²ğŸ‡¦ 
TunisieğŸ‡¹ğŸ‡³ 
Ã‰gypteğŸ‡ªğŸ‡¬ 
#WorldCup2018";fr;
@beinsports_FR Bravo #Tunisie. On compte sur vous pour Ãªtre de dignes reprÃ©sentants de l'#Afrique Ã   la #WorldCup2018;fr;
"RT ShababSaudiFc: Nous fÃ©licitons lâ€™Ã©quipe nationale marocaine pour sa qualification pour la Coupe du Monde 2018 ğŸ‰

ğŸ‡²ğŸ‡¦ğŸ‡¸ğŸ‡¦ğŸ‡²ğŸ‡¦ğŸ‡¸ğŸ‡¦

#WorldCup2018â€¦";fr;
FÃ©licitations Ã  la sÃ©lection Marocaine pour la qualification Ã  la coupe du monde 2018 #Maroc #Morocco #Ø§Ù„Ù…ØºØ±Ø¨ #WorldCup2018;fr;
"ğŸ‘ğŸ‘ğŸ‘ ğŸ‡¹ğŸ‡³ğŸ‡¹ğŸ‡³ğŸ‡¹ğŸ‡³ 
Match poussif contre #Libye 0-0 mais l'essentiel est lÃ  !
12 ans aprÃ¨s les @Aigles2Carthage qualifiÃ©s pâ€¦ https://t.co/AwpHvw7zHR";fr;
On va commencer Ã  faire des douas dÃ¨s maintenant pour que le SÃ©nÃ©gal passe les poules ğŸ¤²ğŸ¿âœ¨âš½ï¸ #WorldCup2018;fr;
Monsieur demissionez et partez dignement s'il vous plait https://t.co/FS25p1IooN;fr;
Le Maroc qualifiÃ© pour la coupe du monde !  Les Lions de l'Atlas qui retrouvent le Mondial, 20 ans aprÃ¨s. Bravo !â€¦ https://t.co/u8GhN2XLba;fr;
"AprÃ¨s 20 d""absence le #Maroc #Marocco se qualifie pour la #coupedumonde2018 #WorldCup2018 https://t.co/OhgfATCCNO";fr;
RT @iampostbad: Monsieur demissionez et partez dignement s'il vous plait https://t.co/FS25p1IooN;fr;
Egypte, NigÃ©ria, SÃ©nÃ©gal, Tunisie et Maroc : voilÃ  les 5 nations africaines qui iront en Russie. Seul le NigÃ©ria Ã©tâ€¦ https://t.co/6tmriYB3OF;fr;
Faut dÃ©missionner chef https://t.co/Id2lBQEMiA;fr;
"RT @lpruneta: ğŸ‘ğŸ‘ğŸ‘ ğŸ‡¹ğŸ‡³ğŸ‡¹ğŸ‡³ğŸ‡¹ğŸ‡³ 
Match poussif contre #Libye 0-0 mais l'essentiel est lÃ  !
12 ans aprÃ¨s les @Aigles2Carthage qualifiÃ©s pâ€¦ ";fr;
Ta mercon monsieur!  Ta mercon chaque fois que tu respire... toi avec tes joueur la.. vos mercon encore. Merci https://t.co/0x61g1bn6b;fr;
Je vais pas tinsulter je suis plus fort que Ã§a dÃ©missionne stp merci https://t.co/mzzA3CFmm7;fr;
DÃ©missionne frÃ¨re on a rien vu du tout https://t.co/lIaxF7e9xr;fr;
Nique tes graaaands morts toi n tu niquÃ© toutes le Ã©quipes que tu touche on dirait M.Pokora et ses reprises . Jte mâ€¦ https://t.co/VrEq5KMVrP;fr;
Merciiiiiiiiii #monmaroc #maroc #Morocco #coupedumonde2018 #WorldCup2018 ğŸ‡²ğŸ‡¦ğŸ˜â¤ï¸âš½ï¸ https://t.co/ynJIq5f2wU;fr;
RT @sidymoamed: DÃ©missionne frÃ¨re on a rien vu du tout https://t.co/lIaxF7e9xr;fr;
RT @wassbkl: Merciiiiiiiiii #monmaroc #maroc #Morocco #coupedumonde2018 #WorldCup2018 ğŸ‡²ğŸ‡¦ğŸ˜â¤ï¸âš½ï¸ https://t.co/ynJIq5f2wU;fr;
Ton dawa gninin fiertÃ© https://t.co/hzyqlr91CG;fr;
Toi aussi ta gueule lÃ -bas, faut tracer comme lamouchi https://t.co/sEe8f6g4eD;fr;Senegal
Tu peux changer ta bio https://t.co/Y4mEzI4dcB;fr;
RT @itskhiss_: Toi aussi ta gueule lÃ -bas, faut tracer comme lamouchi https://t.co/sEe8f6g4eD;fr;
"ğŸ˜‚ğŸ˜‚
Toi tu es plus qu'une mascarade , jâ€™espÃ¨re que tu t'en vas .
Le AF 703 de Air France part Ã   22:15  pour Paris (â€¦ https://t.co/9sucQyBavM";fr;
"@bebareee je me suis suprise pendant le match Ã  supporter le Maroc. LOL

Bon on va suivre SENEGAL TUNISIE MAROC FRAâ€¦ https://t.co/Rr4O1NK2Mu";fr;
Les reprÃ©sentants africains sont pas mal du tout. Je mise sur au moins un quart du SÃ©nÃ©gal oÃ¹ Nigeria, oÃ¹ les deux. #WorldCup2018;fr;
Mdr. Un coach moindre que tu es. https://t.co/9WJ0NUvRS8;fr;
Oais oais on a vu Ã§a https://t.co/qVQAtLa4eA;fr;
ğŸ‡¹ğŸ‡³âš½ï¸ Imaginez la joie de Selim Benachour et de la Tunisie aprÃ¨s la qualif pour la Coupe du monde 2018 ğŸ”¥ğŸ”¥ #TUNLIBâ€¦ https://t.co/6ou3vf5o0f;fr;
"Ici au SEN, mes gars fÃªtent la qualif du Mondial comme s'ils avaient win. On sent vraiment qu'ils n'ont jamais win une CAN. ğŸ˜…
#WorldCup2018";fr;
RT @SFR_Sport: ğŸ‡¹ğŸ‡³âš½ï¸ Imaginez la joie de Selim Benachour et de la Tunisie aprÃ¨s la qualif pour la Coupe du monde 2018 ğŸ”¥ğŸ”¥ #TUNLIBâ€¦ ;fr;
Toi laaa ... tu dÃ©missionnes pas en mÃªme temps? Hm https://t.co/0mGI3S3898;fr;
"Pour la 5 Ã¨me fois, la Tunisie vient de se qualifier pour la coupe du monde.
FÃ©licitations Ã  notre cher pays !â€¦ https://t.co/ra4T1K1Q33";fr;
"RT @OMCi12: ğŸ˜‚ğŸ˜‚
Toi tu es plus qu'une mascarade , jâ€™espÃ¨re que tu t'en vas .
Le AF 703 de Air France part Ã   22:15  pour Paris (â€¦ ";fr;
Bravo #Maroc pour la qualification #WorldCup2018 . Wilmots trop court avec la CÃ´te d'Ivoire;fr;
"ğŸ‘ğŸ‘ğŸ‘ ğŸ‡¹ğŸ‡³ğŸ‡¹ğŸ‡³ğŸ‡¹ğŸ‡³ 
Match poussif contre #Libye 0-0 
mais l'essentiel est lÃ  !
12 ans aprÃ¨s les @Aigles2Carthage qualifiÃ©sâ€¦ https://t.co/rfkLw1Txch";fr;
Quitte lÃ -bas ! https://t.co/i9zUy94ER0;fr;
"RT @lpruneta: ğŸ‘ğŸ‘ğŸ‘ ğŸ‡¹ğŸ‡³ğŸ‡¹ğŸ‡³ğŸ‡¹ğŸ‡³ 
Match poussif contre #Libye 0-0 
mais l'essentiel est lÃ  !
12 ans aprÃ¨s les @Aigles2Carthage qualifiÃ©sâ€¦ ";fr;
DÃ‰GAGE https://t.co/1BvRPqVZ6f;fr;
Grosse ambiance Ã   #valenciennes pour la qualification du #Maroc et de la #Tunisie pour la #WorldCup2018 ! Doucemenâ€¦ https://t.co/j9XlOljzc4;fr;
Deux hymnes nationaux Ã  chanter vous vous rendez compte ğŸ˜­ğŸ’šğŸ’›â¤ï¸ğŸ”µâšªï¸ğŸ”´ğŸ”ğŸ¦ğŸ™ğŸ¿âœ¨âš½ï¸ğŸŒğŸ‡·ğŸ‡º #WorldCup2018 #RoadToRussia;fr;
"Bravo le Maroc &amp; La Tunisie! ğŸ‘Š
#WorldCup2018 https://t.co/QX1504WncM";fr;
Viva la Tunisie et le Maroc ğŸ˜ğŸ‡¹ğŸ‡³ğŸ‡²ğŸ‡¦ â¤â¤â¤â¤ #WorldCup2018;fr;
RT @LassDiksFamily: DÃ‰GAGE https://t.co/1BvRPqVZ6f;fr;
RT @PhCasenave: Avec #AhmedBennani du @pearl_marrakech en soutien amical des Lions de l'Atlas #CIVMAR @FRMFOFFICIEL : la qualif. poâ€¦ ;fr;
Important ! Le #Maroc est le seul pays au monde qualifiÃ© pour la #Russie2018 qui n'a jamais encaissÃ© de but dans toâ€¦ https://t.co/FpxmqXPORO;fr;
Le Maroc s'est qualifiÃ© pour #worldcup2018 sans un seul but marquÃ© contre eux ğŸ’ª #Ø§Ù„Ù…ØºØ±Ø¨ #Russia2018 #CIVMAR;fr;
"Le Maroc s'est qualifiÃ© pour #worldcup2018 sans un seul but marquÃ© contre eux ğŸ˜ğŸ’ªğŸ‘ğŸ’¯ğŸ‡²ğŸ‡¦
#CIVMAR https://t.co/AqkFlR9LJN";fr;
"RT @iihjrii: Le Maroc s'est qualifiÃ© pour #worldcup2018 sans un seul but marquÃ© contre eux ğŸ˜ğŸ’ªğŸ‘ğŸ’¯ğŸ‡²ğŸ‡¦
#CIVMAR https://t.co/AqkFlR9LJN";fr;
"ğŸ”¥ğŸ”¥ğŸ”¥Un grand bravo au Maroc pour cette qualifâ€™ 20 ans aprÃ¨s... ğŸ¤™ğŸ¼ Quel bonheur &amp; quelle juste rÃ©compense surtout ğŸ‡²ğŸ‡¦â€¦ https://t.co/fCNeoiF7Mt";fr;
"RT @XavierDomergue: ğŸ”¥ğŸ”¥ğŸ”¥Un grand bravo au Maroc pour cette qualifâ€™ 20 ans aprÃ¨s... ğŸ¤™ğŸ¼ Quel bonheur &amp; quelle juste rÃ©compense surtout ğŸ‡²ğŸ‡¦â€¦ ";fr;
FÃ©licitations #AtlasLions ğŸ¦ğŸ‡²ğŸ‡¦ #TerangaLions ğŸ¦ğŸ‡¸ğŸ‡³et #EaglesofCarthage ğŸ¦…ğŸ‡¹ğŸ‡³#WorldCup2018 âš½ï¸;fr;
Les Marocains de Belgique ayez la qualification humble ğŸ‡²ğŸ‡¦ #RoadToRussia #WorldCup2018;fr;
En rÃ©ponse aux marocains flambeurs, une nuit de liesse tout en retenue et en classe Ã  #BabSouika pour la qualificatâ€¦ https://t.co/IxRNOL1gdK;fr;
Bravo les lions. Vous Ãªtes les hÃ©ros de tout un peuple. Dans la rue, on vous cÃ©lÃ¨bre. Merci de nous avoir rempli deâ€¦ https://t.co/vdlYW2MZsM;fr;
RT @timvinchon: En rÃ©ponse aux marocains flambeurs, une nuit de liesse tout en retenue et en classe Ã  #BabSouika pour la qualificatâ€¦ ;fr;
Vive Le Maroc!!ğŸ‡²ğŸ‡¦ğŸ™Œ #WorldCup2018;fr;
RT @BenabdallahMN: Bravo les lions. Vous Ãªtes les hÃ©ros de tout un peuple. Dans la rue, on vous cÃ©lÃ¨bre. Merci de nous avoir rempli deâ€¦ ;fr;
Avec toi on se serait qualifiÃ© tu nous manque ğŸ˜­ğŸ˜­ğŸ‡¨ğŸ‡©â¤ï¸ https://t.co/ECYTi0FPL5;fr;
Le Maroc se qualifie avec la maniÃ¨re... aucun but encaissÃ©...seul Ã©quipe Ã  avoir accompli cette prouesse durant lesâ€¦ https://t.co/qrA7ROcoCa;fr;
Champion c'est comment on dirait c'est ambiguÃ« hein ou bien tu parlais de Maroc? https://t.co/5YkzNNOnkj;fr;
Tu nous manque... ğŸ˜¢ğŸ˜¢ https://t.co/mDe3qqyyCf;fr;
Mabrouk 3alina ! AprÃ¨s 20 ans d'absence Ã  la Coupe du monde, le Maroc ğŸ‡²ğŸ‡¦ est de retour. Qualification confirmÃ©e aprâ€¦ https://t.co/60XQQdAWU9;fr;Canada
12 ans aprÃ¨s, la Tunisie s'envole pour la Coupe du Monde 2018 grÃ¢ce Ã  nos aigles de Carthage , Mabrouk ! ğŸ‡¹ğŸ‡³ğŸ‡¹ğŸ‡³ğŸ‡¹ğŸ‡³ğŸ†â€¦ https://t.co/axYH38VVp6;fr;
Ta mÃ¨re con. https://t.co/IKG2SNzvV0;fr;
RT @ludmillaskn: Tu nous manque... ğŸ˜¢ğŸ˜¢ https://t.co/mDe3qqyyCf;fr;
RT @optima_je: 12 ans aprÃ¨s, la Tunisie s'envole pour la Coupe du Monde 2018 grÃ¢ce Ã  nos aigles de Carthage , Mabrouk ! ğŸ‡¹ğŸ‡³ğŸ‡¹ğŸ‡³ğŸ‡¹ğŸ‡³ğŸ†â€¦ ;fr;
"FÃ©licitation Ã  nos frÃ¨res #sÃ©nÃ©galais pour la qualification au mondial @PR_Senegal @SkyFootball 
#coupedumonde2018â€¦ https://t.co/J2pMQXEvAp";fr;
Bravo les lions. Vous Ãªtes les hÃ©ros de tout un peuple. Dans la rue, on vous cÃ©lÃ¨bre. Merci de nous avoir rempli deâ€¦ https://t.co/02qQYYYBHl;fr;
Voyez la joie des joueurs marocains Ã  se qualifier pour la Coupe du Monde 2018 dans le vestiaire #MARCIV #Marocâ€¦ https://t.co/yrxYMB2dRl;fr;
"Cameroun et Cote d Ivoire = OUT 
ğŸ˜±ğŸ˜±ğŸ˜±ğŸ˜± #WorldCup2018";fr;
J espÃ¨re que tes parents on buy ton billet en mÃªme temps entraÃ®neur bÃ¢tard comme sa https://t.co/H4PfPmLhTh;fr;CÃ´te d'Ivoire
Voyez la joie des joueurs marocains Ã  se qualifier pour la Coupe du Monde 2018 dans le vestiaire #MARCIV #Marocâ€¦ â€¦ https://t.co/6gmbdqdoVj;fr;
Mois de novembre extra : #wydad champions, les #LionsdelAtlas qualifies pour la #WorldCup2018 , #CIVMAR avec un scoâ€¦ https://t.co/qRPHkSCGdD;fr;
"Nous fÃ©licitons lâ€™Ã©quipe nationale marocaine pour sa qualification pour la Coupe du Monde 2018 ğŸ‰

ğŸ‡²ğŸ‡¦ğŸ‡²ğŸ‡¦ğŸ‡²ğŸ‡¦ğŸ‡²ğŸ‡¦ğŸ‡²ğŸ‡¦

#WorldCup2018 #Marocco";fr;
Dommage que tâ€™es toujours blessÃ© ğŸ˜­ğŸ¤·ğŸ¾â€â™‚ï¸ jâ€™aurais bien voulu te voir jouer https://t.co/gjJkhB9B3v;fr;
Toi on t'a pas encore chassÃ© ? https://t.co/ACljDNuXkK;fr;CÃ´te d'Ivoire
âš½ï¸ğŸ‘ğŸ‘Bravo au #Maroc ğŸ‡²ğŸ‡¦ et Ã  la #Tunisie ğŸ‡¹ğŸ‡³ ! Les Lions de l'Atlas et les Aigles de Carthage sont qualifiÃ©s pour laâ€¦ https://t.co/0LKFaUB1c2;fr;
RT @MKACITV5M: âš½ï¸ğŸ‘ğŸ‘Bravo au #Maroc ğŸ‡²ğŸ‡¦ et Ã  la #Tunisie ğŸ‡¹ğŸ‡³ ! Les Lions de l'Atlas et les Aigles de Carthage sont qualifiÃ©s pour laâ€¦ ;fr;
RT @Kikielbro: Toi on t'a pas encore chassÃ© ? https://t.co/ACljDNuXkK;fr;
Merci bb ğŸ‡²ğŸ‡¦ğŸ‡²ğŸ‡¦ğŸ‡²ğŸ‡¦ğŸ‡²ğŸ‡¦ #worldcup2018 #Moroccan #AllahalWatanalMalik https://t.co/Kp9TkpYlFG;fr;
Avec toi Ã§a aurait Ã©tÃ© diffÃ©rent je suis sur ğŸ˜­ câ€™est vrmt dommage https://t.co/2acOMh7F54;fr;
RT @Roi_Kaws10: Avec toi Ã§a aurait Ã©tÃ© diffÃ©rent je suis sur ğŸ˜­ câ€™est vrmt dommage https://t.co/2acOMh7F54;fr;
"Donnez moi un groupe avec :
BrÃ©sil ğŸ‡§ğŸ‡· 
Espagne ğŸ‡ªğŸ‡¸ 
Italie ğŸ‡®ğŸ‡¹ 
Maroc ğŸ‡²ğŸ‡¦ 
#WorldCup2018 #Russia2018";fr;
ON S'EN FOUT ON VOULAIT LE MONDIAL NOUS WAAAAAAAA https://t.co/3Zj6QBDUsc;fr;
Tu nous manques Yannick https://t.co/c1ozfhkxAI;fr;
https://t.co/WqIGnkOh20 #worldcup2018 #Morocco vs #IvoryCoast #football #DOHA #Qatar celebration;fr;
Sauf en 86, sachez que le lâ€™AlgÃ©rie nâ€™aime pas partager lâ€™affiche avec les autres pays du maghreb. Nous soit on y vâ€¦ https://t.co/rGSHQAhFSp;fr;
RT @ElKapone_: ON S'EN FOUT ON VOULAIT LE MONDIAL NOUS WAAAAAAAA https://t.co/3Zj6QBDUsc;fr;
@MedhiBenatia Trop fiÃ¨res de vous Capitaine!!! ğŸ‡²ğŸ‡¦ Bravo nos lions pour cette victoire bien mÃ©ritÃ©e et bonne chanceâ€¦ https://t.co/ANjccVTZBa;fr;
Merciii!!ğŸ˜­ğŸ‡²ğŸ‡¦ğŸ’š https://t.co/wACMfQmHef;fr;
"Russia weâ€™re coming !! Proud of us, Proud of the lions, Proud of MOROCCOğŸ‡²ğŸ‡¦ğŸ˜­â¤ï¸â¤ï¸â¤ï¸ğŸ‡²ğŸ‡¦ğŸ‡²ğŸ‡¦ğŸ‡²ğŸ‡¦
Morocco - CÃ´te dâ€™Ivoire 
2â€“â€¦ https://t.co/BBx1pKY7VC";fr;
"RT @MalakHachchadi: Russia weâ€™re coming !! Proud of us, Proud of the lions, Proud of MOROCCOğŸ‡²ğŸ‡¦ğŸ˜­â¤ï¸â¤ï¸â¤ï¸ğŸ‡²ğŸ‡¦ğŸ‡²ğŸ‡¦ğŸ‡²ğŸ‡¦
Morocco - CÃ´te dâ€™Ivoire 
2â€“â€¦ ";fr;
Quand je pense que les Ã‰tats-Unis n'ont pas foutu de se qualifier pour la #WorldCup2018 ğŸ¤¦ğŸ»â€â™‚ï¸ğŸ˜¢ğŸ‡ºğŸ‡¸;fr;
"#WorldCup2018
-----
Le SÃ©nÃ©gal, troisiÃ¨me Ã©quipe africaine qualifiÃ©e pour la Russie

https://t.co/CdYkYojhhG";fr;
"Le moment oÃ¹ Mehdi Benatia a reÃ§u l'appel du Roi
#CIVMAR #Russia2018 #Ø§Ù„Ù…ØºØ±Ø¨_ÙÙŠ_Ø±ÙˆØ³ÙŠØ§2018  #Ø§Ù„Ù…ØºØ±Ø¨â€¦ https://t.co/Ai4qj7h2hV";fr;
Le moment oÃ¹ Mehdi Benatia a reÃ§u l'appel du Roi #CIVMAR #Russia2018 #Ø§Ù„Ù…ØºØ±Ø¨_ÙÙŠ_Ø±ÙˆØ³ÙŠØ§2018 #Ø§Ù„Ù…ØºØ±Ø¨â€¦ â€¦ https://t.co/BmEq7rc4I9;fr;
RT @BussmannGaetan: Naaaaannn @kkoulibaly26 bonbon du Nutella ğŸ˜‚ğŸ˜‚ğŸ˜‚ğŸ˜‚ direction la Russie ğŸ‡·ğŸ‡ºğŸ‡·ğŸ‡º #WorldCup2018 #teamsenegal #Senegal fÃ©licitatioâ€¦;fr;
Je suis dÃ©goÃ»tÃ©e! Au Maroc, les gens ont plus de respect, tout sâ€™est passÃ© de maniÃ¨re civilisÃ©e ce soir.â€¦ https://t.co/g2HvXgZ3zE;fr;Marokko
Et encore bravo aux autres nations ğŸ‡ªğŸ‡¬ğŸ‡³ğŸ‡¬ğŸ‡¸ğŸ‡³ğŸ‡¹ğŸ‡³. Si lâ€™un dâ€™entre nous passe les quarts lâ€™annÃ©e prochaine, câ€™est toute lâ€¦ https://t.co/UYWOkMAy5X;fr;France
Il a fais le bon choix ğŸ‡²ğŸ‡¦ #Ziyech #WorldCup2018 #RoadToRussia https://t.co/DIG1wuKBJ3;fr;
Quand @IGanaGueye se prend pour un des danseurs de wally seck ğŸ˜‚ğŸ˜‚ğŸ˜‚ğŸ˜‚ğŸ˜‚ğŸ˜‚ğŸ˜‚. Qualifier coupe du monde dal nekhna. Congratâ€¦ https://t.co/x5uySPALzU;fr;
DÃ‰MISSION https://t.co/mpLyTW4bYU;fr;
ğŸ”´ INFO - #Paris: Quelques incidents hier soir sur les Champs ElysÃ©es aprÃ¨s la qualification du #Maroc pour la Coupeâ€¦ https://t.co/jJcXmRUCrD;fr;
"#WorldCup2018
-----
Le Maroc et la Tunisie seront du voyage en Russie
https://t.co/YFuofXAGyo";fr;
"RT @wildoum: #WorldCup2018
-----
Le Maroc et la Tunisie seront du voyage en Russie
https://t.co/YFuofXAGyo";fr;
Les marocains au Maroc ! https://t.co/okf43FwdWn;fr;
"ğŸ”´ INFO - #Belgique: Ã‰chauffourÃ©es Ã  #Bruxelles aprÃ¨s la qualification du #Maroc pour le Mondial 2018."" #CIVMARâ€¦ https://t.co/v59qIOiEEx";fr;
"RT @FranceNews24: ğŸ”´ INFO - #Belgique: Ã‰chauffourÃ©es Ã  #Bruxelles aprÃ¨s la qualification du #Maroc pour le Mondial 2018."" #CIVMARâ€¦ ";fr;
"On vit dans un monde surrÃ©aliste ou tout leur est permis .
Nos dirigeants leur ont ouvert la porte du paradis , pouâ€¦ https://t.co/LK8NC1ScmW";fr;
"RT @GSevy: On vit dans un monde surrÃ©aliste ou tout leur est permis .
Nos dirigeants leur ont ouvert la porte du paradis , pouâ€¦ ";fr;
RT @FranceNews24: ğŸ”´ INFO - #Paris: Quelques incidents hier soir sur les Champs ElysÃ©es aprÃ¨s la qualification du #Maroc pour la Coupeâ€¦ ;fr;
Faites passer Ã  LCI et BFM : ils n'ont rien vu !  Merci https://t.co/UT9XXctqB0;fr;
"Ã§a n'arrive qu'avec des pays du maghreb .....Maroc, Tunisie, AlgÃ©rie..... bizarreğŸ¤” 

jamais d'Ã©chauffourÃ©es aprÃ¨s uâ€¦ https://t.co/tv5kaQbM91";fr;
"Les joies du piÃ©tonnier...
#Maroc #WorldCup2018 https://t.co/Cv1ET6FYQU";fr;
Hahahahaha Le trouduc qui se fait dÃ©foncer par le jet d'eau, il faisait le malin il a volÃ© sur 2m ğŸ˜‚ğŸ˜‚ğŸ˜‚ https://t.co/kEpUlUwp9T;fr;
Ah le bon vieux temps oÃ¹ on pouvait Ã©craser les supporters Ã  la bourse https://t.co/XZ2z36UZ4u;fr;
ce  matin ,  j'Ã©coutais  E1 .......  indiquait  quelques rassemblements  de liesse  aprÃ¨s  la victoire  du MAROC ..â€¦ https://t.co/I4ByqCSWXn;fr;
RT @VITOT27: ce  matin ,  j'Ã©coutais  E1 .......  indiquait  quelques rassemblements  de liesse  aprÃ¨s  la victoire  du MAROC ..â€¦ ;fr;
"RT @FredBrebant: Les joies du piÃ©tonnier...
#Maroc #WorldCup2018 https://t.co/Cv1ET6FYQU";fr;
RT @LLuxembourg: Je suis dÃ©goÃ»tÃ©e! Au Maroc, les gens ont plus de respect, tout sâ€™est passÃ© de maniÃ¨re civilisÃ©e ce soir.â€¦ ;fr;
"SÃ©rieusement vous pouvez pas programmer le match de la Suisse sur @canalplus au lieu de foot+... 
#SUINIR #WorldCup2018";fr;
"Very proud of our brothers, we are all behind you! 
TrÃ¨s fiers de nos frÃ¨res, nous sommes tous derriÃ¨re vous! ğŸ‡¬ğŸ‡²ğŸ‡¸ğŸ‡³â€¦ https://t.co/7eLRHt6I1c";fr;
Very proud of our brothers @FootballSenegal , we are all behind you!  TrÃ¨s fiers de nos frÃ¨res, nous sommes tous deâ€¦ https://t.co/qIi8PLUEXu;fr;
Very proud of our brothers @FootballSenegal , we are all behind you!  TrÃ¨s fiers de nos frÃ¨res, nous sommes tous deâ€¦ https://t.co/zgEIiBKZy9;fr;
RT @TheGambiaFF: Very proud of our brothers @FootballSenegal , we are all behind you!  TrÃ¨s fiers de nos frÃ¨res, nous sommes tous deâ€¦ ;fr;
"Merci les lions ğŸ‡²ğŸ‡¦ ğŸ‡²ğŸ‡¦  
#Dimamaroc #maroc #morocco #Ø§Ù„Ù…ØºØ±Ø¨ #Russia2018 #lionsdelatlas  #Ø§Ù„Ù…ØºØ±Ø¨_Ø§Ù„Ù‰_Ø±ÙˆØ³ÙŠØ§_2018â€¦ https://t.co/E6IV0xrK7G";fr;
Quelques 'incidents' ? Bravo 'mÃ©dias', vous vous surpassez sans cesse, Novlangue inclue. Ces comportements de sauvaâ€¦ https://t.co/pfLoXupf4F;fr;
"RT @ElBaroudd: @bebareee je me suis suprise pendant le match Ã  supporter le Maroc. LOL

Bon on va suivre SENEGAL TUNISIE MAROC FRAâ€¦ ";fr;
RT @TangoDown732: Quelques 'incidents' ? Bravo 'mÃ©dias', vous vous surpassez sans cesse, Novlangue inclue. Ces comportements de sauvaâ€¦ ;fr;
Bien jouÃ© au #Maroc et remerciez surtout HervÃ© Renard ğŸ‘ğŸ½ğŸ˜‰ #TeamFCSM #WorldCup2018;fr;
FÃ©licitation au Maroc ğŸ‡²ğŸ‡¦ Bonne coupe du monde les gars ğŸ‘#Maroc #CDM2018 https://t.co/CBfFwolFRW;fr;
"Ultime dÃ©fi pour #Russia2018 ! 
Bon match Ã  notre @SFV_ASF ! ğŸ‡¨ğŸ‡­ 

#hopsuisse #HoppSchwiiz #allezlasuisseâ€¦ https://t.co/fMVk84covp";fr;
Pk t blessÃ© toi aussi https://t.co/dg7HYrxfjy;fr;
T un bon Yannick https://t.co/bQ2ADW6FkF;fr;
quand tu n'as plus que le foot dans la vie :(((( https://t.co/kPwmQQ7igx;fr;
RT @HamzaAchour75: T un bon Yannick https://t.co/bQ2ADW6FkF;fr;
Quand tu veux oublier que SM ne veut plus de toi dans la vie politique #CM2018 https://t.co/f4Yg1FhATP;fr;
HervÃ© Renard, il a une statue dans chaque pays d'Afrique. #Maroc #WorldCup2018;fr;
243 Yannick bolasie zaÃ¯rois sauvage https://t.co/0eAljVLCJ3;fr;
"RT @hanahamrouni7: Pour la 5 Ã¨me fois, la Tunisie vient de se qualifier pour la coupe du monde.
FÃ©licitations Ã  notre cher pays !â€¦ ";fr;
HervÃ© Renard.. TrÃ¨s trÃ¨s Propre ! ğŸ‘ŒğŸ‡²ğŸ‡¦âš½ï¸ #Maroc #beinsports #Russia2018 #WorldCup2018 #chompion #great #team #bestâ€¦ https://t.co/kZqQl0ltYN;fr;
ferme la vaurien va. on te donne belgique gÃ©nÃ©ration dorÃ©e tu gÃ¢tes, cÃ´te d'ivoire, gÃ©nÃ©ration prometteuse avec lesâ€¦ https://t.co/BHlNqK6reM;fr;
RT @NoirrLand: ferme la vaurien va. on te donne belgique gÃ©nÃ©ration dorÃ©e tu gÃ¢tes, cÃ´te d'ivoire, gÃ©nÃ©ration prometteuse avec lesâ€¦ ;fr;
Bravooooo les lions ğŸ‘ğŸ¼ğŸ‘ğŸ¼ğŸ‘ğŸ¼ğŸ’ªğŸ¼ğŸ’ªğŸ¼ğŸ’ªğŸ¼ğŸ’ªğŸ¼ğŸ’ªğŸ¼ ğŸ‡·ğŸ‡º ğŸ‡·ğŸ‡º #Russia2018 #WorldCup2018 https://t.co/KuP0spKkEX;fr;
RT @francismagnin: HervÃ© Renard, il a une statue dans chaque pays d'Afrique. #Maroc #WorldCup2018;fr;
Les sauvages en action ....  Maroc qualifiÃ© World cup.    #Brussels #Football #Belgium  #WorldCup  #WorldCup2018  https://t.co/B1ZD9N7Ynx;fr;
Le voila mn joueur prÃ©fÃ©rÃ© de l'EN ğŸ‡²ğŸ‡¦ğŸ¤£ #DIMAMAGHRIB #RoadToRussia #WorldCup2018 #Wolverhampton #eflcup https://t.co/jyeYGoiImK;fr;
Ahhh bon il a Twitter  lui ? je vais clairement l'harceler jusqu' Ã  il me bloque ce VAURIEENNNN ! https://t.co/OIjVGbJen7;fr;
T'as montrÃ© quoi hier ?? CHIEN VERT https://t.co/OIjVGbJen7;fr;
"OFFICIEL: La liste dÃ¨s chapeau pour la CDM 2018, le Maroc est dans le chapeau 4

#ROADTORUSSIA #Maroc #Moroccoâ€¦ https://t.co/05jcVSijLM";fr;
Vous allez perdre https://t.co/GUzVkbzYHj;fr;
je suis Ã©clatÃ© https://t.co/ZOZNR9nVk9;fr;
ğŸ”´ INFO - #Maroc: Une grande joie pour les marocains Ã  #Rabat aprÃ¨s la qualification de l'Ã©quipe nationale Ã  la Coupâ€¦ https://t.co/wMEgQRCy44;fr;
Ã€ l'image de tous les Congolais, gros fair-play de leur part durant la qualif ! Merci ğŸ™ğŸ»#fimbu https://t.co/tcevYNrQf7;fr;
Le probleme en europe c est que les debordements en france et en belgique nous incite a souhaiter qu il soit eliminâ€¦ https://t.co/Zb3hxxeLpg;fr;
RT @Nizar_Hanini: Ã€ l'image de tous les Congolais, gros fair-play de leur part durant la qualif ! Merci ğŸ™ğŸ»#fimbu https://t.co/tcevYNrQf7;fr;
Vrai gars respect https://t.co/Oo40hxRnB3;fr;
SoirÃ©e reconquÃªte pour @Benzema ce soir sur @canalplus #CFC #WorldCup2018 #EDF;fr;
ON VA EN RUSSIEEEE!!!!!! ğŸ‡¨ğŸ‡­ğŸ‡¨ğŸ‡­ğŸ‡¨ğŸ‡­ğŸ‡¨ğŸ‡­ğŸ‡¨ğŸ‡­ğŸ‡¨ğŸ‡­ğŸ‡¨ğŸ‡­ğŸ‡¨ğŸ‡­ğŸ‡¨ğŸ‡­ğŸ‡¨ğŸ‡­ğŸ‡¨ğŸ‡­ğŸ‡¨ğŸ‡­#WorldCup2018 #EuropeanQualifiers #switzerland;fr;
@Olivier_Brett @RDSca On ne peut quâ€™Ãªtre heureux pour BlÃ©rim, mais triste de ne pas entendre Â«Â Will Griggâ€™s on fireÂ Â» Ã  la #WorldCup2018 ğŸ˜‚ğŸ‘ğŸ¼;fr;
OFFICIEL La Suisse valide son ticket dans la douleur pour le Mondial 2018 #Swiss_football #WorldCup2018â€¦ https://t.co/6CmDcKagZf;fr;
Inscrivez-vous sur Winamax via ce lien, vous recevrez un bonus de 10 â‚¬ https://t.co/2hNI4085fE #TeamParieurâ€¦ https://t.co/649KpY2VNq;fr;
Sa derniÃ¨re coupe du monde il est obligÃ© de la jouer.. ğŸ™ğŸ¼ğŸ‡®ğŸ‡¹âš½ï¸ #CFC #WorldCup2018;fr;
Bravo Ã  nos voisins suisses qui se qualifient pour le Mondial 2018 ! :) #WorldCup2018 #Suisse #Football @SFV_ASF @FIFAWorldCup;fr;
RT @FranceNews24: ğŸ”´ INFO - #Maroc: Une grande joie pour les marocains Ã  #Rabat aprÃ¨s la qualification de l'Ã©quipe nationale Ã  la Coupâ€¦ ;fr;
Allez La Suisse! ğŸ‡¨ğŸ‡­ #WorldCup2018;fr;
"#CDM2018 #Russia2018 #WorldCup2018 
Voici les 28 pays qualifiÃ©s sur 32 pour le mondial 2018 : https://t.co/u8wlxJ8S0J";fr;
La Croatie au mondial .. avec Ancelotti ? ğŸ˜‰ğŸ¤” #WorldCup2018;fr;
"RT @linfo_media: #CDM2018 #Russia2018 #WorldCup2018 
Voici les 28 pays qualifiÃ©s sur 32 pour le mondial 2018 : https://t.co/u8wlxJ8S0J";fr;
RT @JuanEstradaGar: Allez La Suisse! ğŸ‡¨ğŸ‡­ #WorldCup2018;fr;
Alors....coupe du monde 2018 avec ou sans l'Italie en Russie ğŸ¤”ğŸ¤”.... #WorldCup2018 #Russie2018 #ItaliaSvezia;fr;
Felicitation a nos 3 Caennais qui devraient Ãªtre du voyage en Russie #WorldCup2018 @Ada_Mbengue @YAitbennasserâ€¦ https://t.co/z0DX7qctqf;fr;
"@hss_ibtissam #worldcupqualifiers #Senegal #WorldCup2018 ""Elle"" rÃ©elle elle Go... https://t.co/k4HJqdothl";fr;
Une pensÃ©e pour nos amies Italiens ğŸ‡®ğŸ‡¹ une coupe du monde sans vous Ã§a ne serait pas pareille ! #WorldCup2018;fr;
"""Pixels pour rappeler l'univers digital"" ğŸ˜‚ğŸ˜‚ #football #CDM2018 #WorldCup2018 #Telstar18  https://t.co/ZsIC4fExdS";fr;
L'AlgÃ©rie finalement qualifiÃ©e pour la coupe du monde en Russie !!! #worldcup2018 #cdm2018â€¦ https://t.co/BSBwHUkY9Q;fr;
RT @mapathe_diop: Quand @IGanaGueye se prend pour un des danseurs de wally seck ğŸ˜‚ğŸ˜‚ğŸ˜‚ğŸ˜‚ğŸ˜‚ğŸ˜‚ğŸ˜‚. Qualifier coupe du monde dal nekhna. Congratâ€¦ ;fr;
Carrera marque le match de la qualification de la Tunisie https://t.co/E7YutL6SZe #Carrera #Sunglasses #eyewearâ€¦ https://t.co/tEAuBmTiCk;fr;
Moussa Wague se qualifie avec le SÃ©nÃ©gal pour la Coupe du Monde 2018: https://t.co/sNdV5YRFAv #moussawagueâ€¦ https://t.co/oElaflas7z;fr;Kuwait
Qui dÃ©crochera les 2 derniÃ¨res places des barrages de la zone Europe #WorldCup2018 @fifacom_fr  @UEFAcom_fr #ITASWE #IRLDAN;fr;
Qui seront les derniers qualifiÃ©s en barrages intercontinentals #WorldCup2018 #NZLPER #AUSHON @CONCACAF @theafcdotcom @OFCfootball @CONMEBOL;fr;
"""La @RAM_Maroc ne transporte pas que des passagers... et ca tout le monde le sait !""
#Maroc #WorldCup2018 #smâ€¦ https://t.co/Na6qNBvHFg";fr;
"Qui souhaiteriez-vous voir en pointe de lâ€™Ã©quipe de France?
#coupedumonde2018 #Mondial2018 #WorldCup2018";fr;
Passation de pouvoir ? #Argentina #Russie2018 #Argentine #WorldCup2018 #CoupeduMonde2018 @FIFAWorldCup #Messiâ€¦ https://t.co/WN5x8fbQW8;fr;
"- Didier Deschamps m'a demander de me tenir prÃªt en cas de blessure d'un attaquant.
- Et pas Karim #Benzema  ?
- Kaâ€¦ https://t.co/UpyjjpI07B";fr;
C'Ã©tait quoi dÃ©jÃ  les commentaires en Suisse au sujet de la main de Thierry #Henry il y a 8 ans ? #SUINIR #penaltyâ€¦ https://t.co/FIjPXfmUEr;fr;
Face au #barragiste le plus faible, la Suisse s'impose par la plus faible des marges, suite Ã  une erreur d'arbitragâ€¦ https://t.co/KS3FZvlFUI;fr;
j'entends beaucoup de choses sur #BenzemaEnEdf mais en 2018 faut la ramener la coupe, sinon on ce posera beaucoup dâ€¦ https://t.co/yYxUNCBcqd;fr;France
"#ITASWE  : un grand classique : Ã  2 doigts de la ""mort""la squadra azzura va marquer un but Ã  la 92Ã©me minutes, puisâ€¦ https://t.co/SEZ6QqCgg7";fr;
"#WorldCup2018 #Russia #Euro-21

ğŸ‡«ğŸ‡· France -21 1,48 + ğŸ‡®ğŸ‡¹ Italie 1,53

CÃ´te totale : 2,26 (1%)

#TeamParieur #Winamax";fr;
Pronostico Italia SuÃ¨de #ItalieSuede #italie #WorldCup2018;fr;
Le copain Aly Keita travaille sur un documentaire sur le foot et les russes Ã  l'occasion de la Coupe du monde, supeâ€¦ https://t.co/oVDaYEiSAj;fr;
"Pfff??!! Mais qu'est ce que vous me parlez de raclette?!! Les vrais mangent du lablabi. ğŸ˜ğŸ˜

#Tunisia #WorldCup2018â€¦ https://t.co/EcKSmvTtqV";fr;
@GillesFavard On est lÃ ... @gianluigibuffon le mÃ©rite... Juste pour Ã§a... Ouiiiii je vote ğŸ‡®ğŸ‡¹... Et puisâ€¦ https://t.co/rBPF2JCQVn;fr;
"Ce soir Goffin / Nadal ğŸ¾ #ATPFinals &amp; Italie / SuÃ¨de âš½ #WorldCup2018";fr;
"RT @ParisWalkWays: Ce soir Goffin / Nadal ğŸ¾ #ATPFinals &amp; Italie / SuÃ¨de âš½ #WorldCup2018";fr;
"l'italie se qualifiera juste pour faire chier tout le monde, et finira mÃªme dans le dernier carrÃ© #WorldCup2018  
#ITASWE ğŸ˜‰";fr;France
Zappette entre #ITASWE et le match entre Rafa et Goffin #NittoATPFinals #WorldCup2018 âš½ğŸ¾ğŸ‡®ğŸ‡¹ğŸ‡¸ğŸ‡ªğŸ‡ªğŸ‡¸ğŸ‡§ğŸ‡ª;fr;
Pour le Mondiales du Football 2018 #WorldCup2018 La quatre fois vainqueur du coup du monde dois gagner Ã  la SuÃ¨de dans le prochain match;fr;
"Plus que 4 places !!!
#Russia2018 #WorldCup2018 https://t.co/IyVvpSahZe";fr;
"RT @alexandreruiz: Plus que 4 places !!!
#Russia2018 #WorldCup2018 https://t.co/IyVvpSahZe";fr;
Vous savez pas comment les italiens sont en pression lÃ  ğŸ‡®ğŸ‡¹#WorldCup2018;fr;
#ForzaItalia ! DÃ©connes pas ! Une coupe du monde de Football sans la #SquadraAzzurra ce n'est pas une coupe du mondâ€¦ https://t.co/ymIukMM2XP;fr;
